Random Forest,Logistic Regression,KNN,Adaboost,Neural network
0.6918918918918918,0.6935270805812417,0.7467330429371499,0.7037279267495095,0.7297464440321583
0.7811891065023396,0.7737290712539251,0.8291087984510557,0.7833789452780777,0.7968499832445917
0.700868631056372,0.6958973598352585,0.8007711724298672,0.7071193163604342,0.7359214092351022
0.7165941578620261,0.711622125543816,0.7470478558110628,0.7184586699813549,0.728402734617775
