Random Forest,Logistic Regression,KNN,Adaboost,Neural network
0.6719242902208201,0.6790697674418604,0.6597014925373135,0.6809815950920245,0.6929824561403508
0.7489855954554676,0.7456634205721242,0.7164527963751944,0.759590349631433,0.7513271792790965
0.6551377546732486,0.6463193365263767,0.6099239947253244,0.6814496792399184,0.6415609336461661
0.6985507246376812,0.7,0.6695652173913044,0.6985507246376812,0.6956521739130435
